name,time,application,num_replicas,batch_size
bert-0,320.661812,bert,6,384
cifar10-1,710.661864,cifar10,6,2048
cifar10-2,921.661907,cifar10,8,2048
cifar10-3,1170.661936,cifar10,6,2048
cifar10-4,1444.66199,cifar10,16,4096
deepspeech2-5,1444.661994,deepspeech2,8,320
cifar10-6,1446.661999,cifar10,8,2048
bert-7,1454.662029,bert,12,384
cifar10-8,1457.662036,cifar10,12,4096
cifar10-9,1460.662049,cifar10,16,4096
bert-10,1464.662058,bert,6,384
cifar10-11,1469.662074,cifar10,4,2048
cifar10-12,1478.662104,cifar10,8,4096
cifar10-13,1488.662136,cifar10,6,2048
cifar10-14,1490.66214,cifar10,4,2048
bert-15,1708.662217,bert,8,384
deepspeech2-16,1762.66224,deepspeech2,12,640
cifar10-17,1800.662251,cifar10,10,4096
bert-18,2120.662297,bert,8,384
cifar10-19,2135.662301,cifar10,10,4096
cifar10-20,2181.662309,cifar10,10,4096
cifar10-21,2304.662317,cifar10,10,4096
imagenet-22,3498.662475,imagenet,10,1600
deepspeech2-23,3552.662483,deepspeech2,8,320
cifar10-24,3691.662499,cifar10,4,2048
bert-25,3701.662499,bert,6,384
cifar10-26,4212.6626,cifar10,10,4096
deepspeech2-27,4433.662637,deepspeech2,12,640
bert-28,4694.662673,bert,12,384
cifar10-29,4825.662699,cifar10,16,4096
cifar10-30,4945.662708,cifar10,12,4096
deepspeech2-31,5239.662774,deepspeech2,6,320
cifar10-32,5277.662792,cifar10,8,2048
cifar10-33,5296.662803,cifar10,4,2048
deepspeech2-34,5318.662821,deepspeech2,12,640
cifar10-35,5340.662828,cifar10,6,2048
cifar10-36,5510.6629,cifar10,10,4096
cifar10-37,5718.662922,cifar10,6,2048
cifar10-38,6161.662998,cifar10,10,4096
deepspeech2-39,6178.663002,deepspeech2,6,320
deepspeech2-40,6664.663063,deepspeech2,12,640
yolov3-41,6949.663116,yolov3,4,64
cifar10-42,7310.663163,cifar10,16,4096
cifar10-43,7319.66317,cifar10,8,2048
yolov3-44,7521.663199,yolov3,4,64
bert-45,8036.663284,bert,8,384
cifar10-46,8053.663311,cifar10,12,4096
cifar10-47,8075.663349,cifar10,4,2048
cifar10-48,8092.663367,cifar10,8,2048
cifar10-49,8171.663381,cifar10,10,4096
cifar10-50,9081.663536,cifar10,16,4096
cifar10-51,9240.663561,cifar10,8,4096
cifar10-52,9262.663565,cifar10,6,2048
cifar10-53,9451.663606,cifar10,6,2048
yolov3-54,9635.663624,yolov3,4,64
cifar10-55,9998.663687,cifar10,12,4096
cifar10-56,10348.663747,cifar10,4,2048
cifar10-57,10444.663779,cifar10,8,4096
cifar10-58,10888.663817,cifar10,4,2048
deepspeech2-59,11079.663851,deepspeech2,12,640
deepspeech2-60,11081.663855,deepspeech2,6,320
deepspeech2-61,11120.663869,deepspeech2,8,320
cifar10-62,11121.66387,cifar10,8,2048
deepspeech2-63,11125.663877,deepspeech2,12,640
bert-64,11851.664063,bert,6,384
cifar10-65,12274.664086,cifar10,16,4096
bert-66,12285.664088,bert,16,384
deepspeech2-67,12577.664104,deepspeech2,12,640
cifar10-68,13600.664247,cifar10,4,2048
yolov3-69,13686.664258,yolov3,4,64
bert-70,13924.664291,bert,16,384
cifar10-71,14047.664309,cifar10,4,2048
cifar10-72,14116.664321,cifar10,12,4096
bert-73,14430.664386,bert,16,384
bert-74,14842.664471,bert,8,384
bert-75,14933.664483,bert,16,384
bert-76,15333.664534,bert,6,384
bert-77,15449.664546,bert,6,384
bert-78,15502.664554,bert,8,384
deepspeech2-79,15624.664578,deepspeech2,6,320
cifar10-80,16056.664656,cifar10,12,4096
cifar10-81,16234.664692,cifar10,4,2048
cifar10-82,16403.664729,cifar10,6,2048
cifar10-83,16646.664777,cifar10,10,4096
cifar10-84,16798.664831,cifar10,16,4096
cifar10-85,16804.664837,cifar10,6,2048
cifar10-86,16902.664865,cifar10,16,4096
cifar10-87,16944.664884,cifar10,12,4096
cifar10-88,16961.664886,cifar10,8,2048
cifar10-89,17099.664906,cifar10,12,4096
cifar10-90,17522.665004,cifar10,10,4096
deepspeech2-91,17675.665036,deepspeech2,12,640
deepspeech2-92,17734.665044,deepspeech2,8,320
deepspeech2-93,18147.665132,deepspeech2,12,640
deepspeech2-94,18274.665155,deepspeech2,6,320
cifar10-95,18432.665193,cifar10,8,2048
cifar10-96,18435.665203,cifar10,6,2048
cifar10-97,18447.665226,cifar10,4,2048
cifar10-98,18468.665267,cifar10,12,4096
cifar10-99,18470.665275,cifar10,6,2048
cifar10-100,18602.665328,cifar10,16,4096
cifar10-101,18651.665338,cifar10,10,4096
deepspeech2-102,18700.665352,deepspeech2,6,320
cifar10-103,18731.665358,cifar10,16,4096
cifar10-104,18822.665378,cifar10,8,2048
deepspeech2-105,18920.665401,deepspeech2,8,320
bert-106,18955.665414,bert,16,384
cifar10-107,19090.665447,cifar10,8,2048
deepspeech2-108,19383.665498,deepspeech2,12,640
cifar10-109,19910.665617,cifar10,12,4096
cifar10-110,19917.66562,cifar10,12,4096
cifar10-111,19963.665637,cifar10,10,4096
cifar10-112,19967.665645,cifar10,12,4096
cifar10-113,19971.665656,cifar10,6,2048
cifar10-114,19971.66566,cifar10,6,2048
cifar10-115,19986.665677,cifar10,8,2048
cifar10-116,20555.665871,cifar10,8,4096
deepspeech2-117,20700.665899,deepspeech2,12,640
cifar10-118,20719.665902,cifar10,8,2048
cifar10-119,20731.66592,cifar10,6,2048
cifar10-120,20914.66602,cifar10,6,2048
cifar10-121,20927.66603,cifar10,10,4096
cifar10-122,20941.666045,cifar10,8,4096
bert-123,21071.666096,bert,12,384
cifar10-124,21131.666106,cifar10,4,2048
imagenet-125,21165.666114,imagenet,12,3200
bert-126,21293.666139,bert,6,384
cifar10-127,21331.666186,cifar10,12,4096
cifar10-128,21430.666219,cifar10,4,2048
deepspeech2-129,21883.666329,deepspeech2,6,320
cifar10-130,22051.666371,cifar10,6,2048
cifar10-131,22064.666381,cifar10,8,4096
cifar10-132,22068.666386,cifar10,4,2048
cifar10-133,22245.666476,cifar10,8,4096
cifar10-134,22326.666509,cifar10,12,4096
cifar10-135,22330.666513,cifar10,16,4096
cifar10-136,22333.666521,cifar10,10,4096
cifar10-137,22333.666523,cifar10,12,4096
cifar10-138,22354.666547,cifar10,6,2048
cifar10-139,22624.666608,cifar10,8,4096
cifar10-140,22677.666621,cifar10,8,4096
deepspeech2-141,22751.666638,deepspeech2,6,320
cifar10-142,22969.66669,cifar10,12,4096
deepspeech2-143,23118.666726,deepspeech2,6,320
cifar10-144,23321.666763,cifar10,10,4096
cifar10-145,23636.666841,cifar10,12,4096
deepspeech2-146,23650.666846,deepspeech2,6,320
yolov3-147,23744.666879,yolov3,4,64
cifar10-148,23761.666882,cifar10,12,4096
bert-149,23880.666908,bert,8,384
cifar10-150,23891.666912,cifar10,10,4096
bert-151,23910.666917,bert,12,384
cifar10-152,23917.666919,cifar10,12,4096
cifar10-153,24036.666941,cifar10,16,4096
bert-154,24068.66695,bert,8,384
cifar10-155,24252.666994,cifar10,6,2048
cifar10-156,24311.667014,cifar10,4,2048
cifar10-157,24324.667019,cifar10,10,4096
cifar10-158,24478.667069,cifar10,6,2048
deepspeech2-159,24593.667106,deepspeech2,8,320
deepspeech2-160,24614.667115,deepspeech2,12,640
cifar10-161,24623.667119,cifar10,10,4096
cifar10-162,24650.667125,cifar10,6,2048
bert-163,24729.66714,bert,12,384
deepspeech2-164,24757.667146,deepspeech2,6,320
cifar10-165,24868.667186,cifar10,12,4096
deepspeech2-166,25512.667377,deepspeech2,6,320
yolov3-167,25606.667408,yolov3,4,64
cifar10-168,25779.667492,cifar10,10,4096
bert-169,26177.667625,bert,16,384
cifar10-170,26231.66764,cifar10,8,2048
cifar10-171,26285.667654,cifar10,8,2048
cifar10-172,26317.667702,cifar10,6,2048
bert-173,26501.667756,bert,8,384
cifar10-174,26556.66777,cifar10,8,4096
cifar10-175,26596.667785,cifar10,12,4096
cifar10-176,26759.667881,cifar10,6,2048
deepspeech2-177,26878.667902,deepspeech2,12,640
cifar10-178,26920.66791,cifar10,12,4096
cifar10-179,27006.667949,cifar10,12,4096
cifar10-180,27028.667959,cifar10,8,2048
cifar10-181,27080.667993,cifar10,8,4096
cifar10-182,27173.668041,cifar10,4,2048
cifar10-183,27292.668132,cifar10,10,4096
cifar10-184,27304.668136,cifar10,12,4096
cifar10-185,27326.668164,cifar10,16,4096
cifar10-186,27349.668192,cifar10,4,2048
deepspeech2-187,27446.668223,deepspeech2,6,320
cifar10-188,27551.668242,cifar10,8,2048
cifar10-189,27779.668295,cifar10,6,2048
cifar10-190,27797.6683,cifar10,8,2048
cifar10-191,27888.668318,cifar10,12,4096
bert-192,27896.66832,bert,8,384
bert-193,27897.668321,bert,8,384
cifar10-194,27937.668328,cifar10,6,2048
cifar10-195,28063.668358,cifar10,10,4096
deepspeech2-196,28129.668373,deepspeech2,8,320
cifar10-197,28449.668439,cifar10,12,4096
deepspeech2-198,28459.668456,deepspeech2,6,320
bert-199,28551.668518,bert,16,384
deepspeech2-200,28553.668519,deepspeech2,8,320
cifar10-201,28561.668528,cifar10,8,4096
bert-202,28567.668534,bert,16,384
bert-203,28570.668537,bert,8,384
cifar10-204,28576.668544,cifar10,16,4096
deepspeech2-205,28581.668552,deepspeech2,6,320
cifar10-206,28591.668566,cifar10,10,4096
deepspeech2-207,28598.668568,deepspeech2,8,320
bert-208,28674.668648,bert,16,384
cifar10-209,28695.668675,cifar10,4,2048
deepspeech2-210,28751.668738,deepspeech2,8,320
cifar10-211,28801.66879,cifar10,10,4096
bert-212,29213.668884,bert,8,384
cifar10-213,29287.668897,cifar10,4,2048
deepspeech2-214,29484.668942,deepspeech2,6,320
cifar10-215,29508.668948,cifar10,12,4096
cifar10-216,29523.668951,cifar10,16,4096
deepspeech2-217,29541.668971,deepspeech2,12,640
yolov3-218,29565.669021,yolov3,4,64
deepspeech2-219,29752.6691,deepspeech2,8,320
cifar10-220,29776.669105,cifar10,16,4096
bert-221,29802.669114,bert,12,384
cifar10-222,30085.66917,cifar10,16,4096
bert-223,30472.669251,bert,12,384
cifar10-224,30493.669253,cifar10,8,4096
cifar10-225,30594.669277,cifar10,6,2048
deepspeech2-226,30994.669344,deepspeech2,6,320
cifar10-227,31068.669353,cifar10,12,4096
deepspeech2-228,31242.66939,deepspeech2,6,320
bert-229,31313.669407,bert,12,384
bert-230,31405.669421,bert,6,384
cifar10-231,32254.669564,cifar10,12,4096
cifar10-232,32314.669575,cifar10,12,4096
deepspeech2-233,32499.669635,deepspeech2,8,320
bert-234,32794.669679,bert,8,384
bert-235,32876.669693,bert,16,384
cifar10-236,32949.669713,cifar10,10,4096
deepspeech2-237,33118.669739,deepspeech2,12,640
deepspeech2-238,33120.66974,deepspeech2,8,320
bert-239,33233.669761,bert,6,384
yolov3-240,33548.669836,yolov3,4,64
cifar10-241,33574.669844,cifar10,16,4096
cifar10-242,33969.669923,cifar10,8,2048
bert-243,34059.669945,bert,12,384
cifar10-244,34101.669953,cifar10,16,4096
deepspeech2-245,34410.670028,deepspeech2,12,640
deepspeech2-246,34421.670041,deepspeech2,6,320
imagenet-247,34931.670156,imagenet,14,3200
yolov3-248,35077.670184,yolov3,4,64
deepspeech2-249,35285.670237,deepspeech2,8,320
cifar10-250,35431.670258,cifar10,6,2048
cifar10-251,35444.670263,cifar10,6,2048
cifar10-252,35478.670277,cifar10,6,2048
cifar10-253,35622.670302,cifar10,6,2048
cifar10-254,35747.670328,cifar10,12,4096
cifar10-255,36051.670392,cifar10,12,4096
cifar10-256,36058.670403,cifar10,6,2048
cifar10-257,36106.670432,cifar10,6,2048
bert-258,36111.670433,bert,6,384
cifar10-259,36162.670447,cifar10,4,2048
cifar10-260,36192.670476,cifar10,6,2048
cifar10-261,36376.67053,cifar10,16,4096
cifar10-262,36413.67057,cifar10,12,4096
cifar10-263,36455.670586,cifar10,6,2048
cifar10-264,36519.670677,cifar10,12,4096
cifar10-265,36521.670678,cifar10,12,4096
cifar10-266,36543.670683,cifar10,16,4096
deepspeech2-267,36577.670693,deepspeech2,12,640
deepspeech2-268,36665.670718,deepspeech2,8,320
cifar10-269,36841.670743,cifar10,8,2048
cifar10-270,36878.670748,cifar10,12,4096
cifar10-271,37142.670808,cifar10,12,4096
bert-272,37159.670813,bert,6,384
cifar10-273,37320.670843,cifar10,8,2048
deepspeech2-274,37576.670882,deepspeech2,8,320
cifar10-275,37844.670908,cifar10,8,2048
cifar10-276,38427.671056,cifar10,6,2048
yolov3-277,38558.671084,yolov3,4,64
cifar10-278,38930.671154,cifar10,12,4096
deepspeech2-279,39069.671204,deepspeech2,6,320
cifar10-280,39147.671249,cifar10,8,2048
cifar10-281,39168.671277,cifar10,8,2048
cifar10-282,39186.6713,cifar10,10,4096
cifar10-283,39191.671305,cifar10,8,2048
cifar10-284,39425.671359,cifar10,6,2048
deepspeech2-285,39465.671385,deepspeech2,8,320
cifar10-286,39579.67143,cifar10,16,4096
cifar10-287,39733.671457,cifar10,6,2048
cifar10-288,39734.671458,cifar10,12,4096
cifar10-289,39980.6715,cifar10,8,4096
deepspeech2-290,40025.671508,deepspeech2,12,640
cifar10-291,40107.671525,cifar10,12,4096
cifar10-292,40194.671531,cifar10,8,2048
bert-293,40552.671624,bert,6,384
bert-294,40566.671645,bert,8,384
deepspeech2-295,40574.671657,deepspeech2,8,320
cifar10-296,40586.67167,cifar10,8,4096
cifar10-297,40605.67169,cifar10,12,4096
bert-298,40632.671716,bert,8,384
cifar10-299,40636.671723,cifar10,16,4096
cifar10-300,40653.671746,cifar10,10,4096
cifar10-301,40679.671773,cifar10,16,4096
bert-302,40987.671822,bert,8,384
cifar10-303,41144.671839,cifar10,8,4096
cifar10-304,41220.67185,cifar10,16,4096
cifar10-305,41367.671883,cifar10,12,4096
deepspeech2-306,41447.671904,deepspeech2,12,640
cifar10-307,41670.671939,cifar10,12,4096
cifar10-308,41990.671997,cifar10,4,2048
cifar10-309,42100.672032,cifar10,12,4096
cifar10-310,42299.672069,cifar10,12,4096
bert-311,42349.672081,bert,12,384
cifar10-312,42412.672094,cifar10,10,4096
cifar10-313,42546.672142,cifar10,12,4096
deepspeech2-314,42638.672165,deepspeech2,12,640
cifar10-315,42928.672221,cifar10,8,2048
bert-316,42987.672227,bert,12,384
cifar10-317,43045.672235,cifar10,12,4096
cifar10-318,43056.672238,cifar10,6,2048
cifar10-319,43192.672277,cifar10,8,2048
cifar10-320,43194.672279,cifar10,6,2048
deepspeech2-321,43416.672505,deepspeech2,8,320
cifar10-322,43422.67251,cifar10,16,4096
cifar10-323,43423.672512,cifar10,12,4096
cifar10-324,43442.672527,cifar10,6,2048
cifar10-325,43446.672533,cifar10,16,4096
cifar10-326,43473.672561,cifar10,12,4096
cifar10-327,43816.672582,cifar10,6,2048
cifar10-328,44657.672615,cifar10,8,2048
cifar10-329,45040.672628,cifar10,10,4096
cifar10-330,47385.67273,cifar10,6,2048
cifar10-331,47626.672847,cifar10,16,4096
cifar10-332,47639.672857,cifar10,8,2048
cifar10-333,47768.672866,cifar10,16,4096
cifar10-334,47786.672885,cifar10,4,2048
cifar10-335,47939.67294,cifar10,10,4096
bert-336,48440.673042,bert,12,384
cifar10-337,48562.673045,cifar10,6,2048
deepspeech2-338,48769.673065,deepspeech2,12,640
cifar10-339,49398.673115,cifar10,8,4096
cifar10-340,49800.67316,cifar10,12,4096
cifar10-341,51442.67328,cifar10,12,4096
cifar10-342,51449.673285,cifar10,16,4096
cifar10-343,51454.673287,cifar10,12,4096
deepspeech2-344,51944.673314,deepspeech2,12,640
bert-345,52145.67335,bert,8,384
bert-346,52273.673383,bert,16,384
cifar10-347,52570.673441,cifar10,12,4096
cifar10-348,52713.673472,cifar10,6,2048
deepspeech2-349,52883.673532,deepspeech2,6,320
bert-350,52909.673548,bert,12,384
cifar10-351,52910.673551,cifar10,6,2048
bert-352,52954.673564,bert,16,384
cifar10-353,52980.673566,cifar10,16,4096
cifar10-354,53514.67362,cifar10,6,2048
cifar10-355,53522.673629,cifar10,16,4096
cifar10-356,53542.673658,cifar10,12,4096
bert-357,54035.673698,bert,8,384
cifar10-358,54067.673725,cifar10,12,4096
cifar10-359,54671.673808,cifar10,10,4096
cifar10-360,54786.673831,cifar10,10,4096
bert-361,54842.673869,bert,16,384
cifar10-362,55062.673999,cifar10,8,4096
cifar10-363,55067.674004,cifar10,8,2048
cifar10-364,55082.674016,cifar10,10,4096
cifar10-365,55088.674021,cifar10,8,4096
cifar10-366,55104.674033,cifar10,12,4096
cifar10-367,55167.67409,cifar10,4,2048
cifar10-368,55200.67412,cifar10,12,4096
cifar10-369,55219.674148,cifar10,12,4096
cifar10-370,55232.674159,cifar10,12,4096
cifar10-371,55246.674173,cifar10,12,4096
cifar10-372,55788.674235,cifar10,8,4096
cifar10-373,56369.674305,cifar10,10,4096
cifar10-374,56514.674317,cifar10,12,4096
cifar10-375,57897.674381,cifar10,8,2048
cifar10-376,58065.674384,cifar10,4,2048
cifar10-377,58311.67442,cifar10,6,2048
imagenet-378,58822.674463,imagenet,14,3200
deepspeech2-379,59662.674499,deepspeech2,8,320
cifar10-380,60041.67451,cifar10,6,2048
deepspeech2-381,60055.67451,deepspeech2,8,320
cifar10-382,60207.674522,cifar10,16,4096
cifar10-383,60443.67454,cifar10,12,4096
deepspeech2-384,60560.67457,deepspeech2,8,320
bert-385,60631.674579,bert,6,384
deepspeech2-386,60795.674591,deepspeech2,6,320
cifar10-387,60872.674595,cifar10,8,2048
bert-388,61029.674616,bert,8,384
bert-389,61035.674622,bert,8,384
bert-390,61059.674647,bert,8,384
cifar10-391,63152.674775,cifar10,6,2048
cifar10-392,63155.674777,cifar10,6,2048
cifar10-393,63193.674799,cifar10,12,4096
cifar10-394,63239.674805,cifar10,12,4096
cifar10-395,63315.674808,cifar10,16,4096
cifar10-396,63397.67481,cifar10,16,4096
cifar10-397,63425.674811,cifar10,6,2048
cifar10-398,63898.674838,cifar10,4,2048
cifar10-399,63985.674842,cifar10,12,4096
cifar10-400,64003.674845,cifar10,12,4096
cifar10-401,64708.674934,cifar10,12,4096
cifar10-402,64710.674936,cifar10,8,2048
cifar10-403,65030.674976,cifar10,8,4096
yolov3-404,65099.674979,yolov3,4,64
bert-405,65333.675011,bert,12,384
deepspeech2-406,65532.675049,deepspeech2,6,320
cifar10-407,65578.675071,cifar10,4,2048
cifar10-408,65593.675078,cifar10,4,2048
cifar10-409,65616.675105,cifar10,6,2048
cifar10-410,65737.675175,cifar10,8,2048
deepspeech2-411,65763.675213,deepspeech2,6,320
bert-412,65834.675253,bert,16,384
deepspeech2-413,65836.675255,deepspeech2,12,640
cifar10-414,65853.67528,cifar10,12,4096
cifar10-415,65858.675285,cifar10,8,2048
cifar10-416,66065.675328,cifar10,16,4096
cifar10-417,66117.675373,cifar10,4,2048
deepspeech2-418,66118.675375,deepspeech2,12,640
cifar10-419,66280.675428,cifar10,4,2048
deepspeech2-420,66287.675436,deepspeech2,6,320
deepspeech2-421,66347.675489,deepspeech2,12,640
bert-422,66348.675489,bert,16,384
bert-423,66451.675526,bert,12,384
cifar10-424,66476.675556,cifar10,10,4096
cifar10-425,66617.675618,cifar10,8,2048
cifar10-426,66643.675643,cifar10,8,2048
cifar10-427,66654.675664,cifar10,8,2048
cifar10-428,66659.675674,cifar10,12,4096
cifar10-429,66795.67573,cifar10,4,2048
bert-430,67017.675864,bert,16,384
bert-431,67048.675891,bert,8,384
deepspeech2-432,67048.675893,deepspeech2,6,320
bert-433,67792.675939,bert,6,384
bert-434,68897.675964,bert,6,384
deepspeech2-435,68906.675984,deepspeech2,6,320
deepspeech2-436,68975.676002,deepspeech2,6,320
deepspeech2-437,69050.676019,deepspeech2,6,320
cifar10-438,69390.67606,cifar10,16,4096
cifar10-439,69400.676067,cifar10,12,4096
imagenet-440,69653.676092,imagenet,12,3200
cifar10-441,72080.676218,cifar10,8,2048
bert-442,73172.676241,bert,12,384
cifar10-443,73314.676275,cifar10,12,4096
yolov3-444,73350.676309,yolov3,4,64
yolov3-445,73381.676333,yolov3,4,64
yolov3-446,73706.676445,yolov3,4,64
yolov3-447,73710.676448,yolov3,4,64
yolov3-448,73721.676457,yolov3,4,64
yolov3-449,73758.676491,yolov3,4,64
yolov3-450,73790.676517,yolov3,4,64
cifar10-451,74749.676558,cifar10,6,2048
cifar10-452,75275.676609,cifar10,12,4096
bert-453,76938.676708,bert,12,384
bert-454,76957.676724,bert,16,384
bert-455,77034.676744,bert,8,384
bert-456,77149.676779,bert,6,384
deepspeech2-457,77249.676797,deepspeech2,6,320
deepspeech2-458,77315.676808,deepspeech2,12,640
deepspeech2-459,77320.676814,deepspeech2,6,320
bert-460,77454.676859,bert,6,384
bert-461,77541.676886,bert,12,384
deepspeech2-462,77553.676892,deepspeech2,12,640
bert-463,77554.676893,bert,12,384
bert-464,77558.676895,bert,12,384
cifar10-465,77560.676896,cifar10,8,4096
bert-466,77657.676918,bert,6,384
deepspeech2-467,77712.676941,deepspeech2,8,320
bert-468,77773.676962,bert,12,384
deepspeech2-469,77834.676981,deepspeech2,6,320
deepspeech2-470,78075.677004,deepspeech2,6,320
deepspeech2-471,78230.677026,deepspeech2,6,320
deepspeech2-472,78315.677036,deepspeech2,8,320
bert-473,79032.677169,bert,6,384
bert-474,79039.677171,bert,12,384
deepspeech2-475,79238.677216,deepspeech2,6,320
bert-476,79300.677234,bert,6,384
bert-477,79343.677245,bert,8,384
deepspeech2-478,79381.677264,deepspeech2,8,320
cifar10-479,79545.677285,cifar10,8,2048
deepspeech2-480,79553.677285,deepspeech2,6,320
deepspeech2-481,79664.677302,deepspeech2,6,320
deepspeech2-482,79801.677326,deepspeech2,8,320
deepspeech2-483,80054.677401,deepspeech2,12,640
cifar10-484,80196.677435,cifar10,6,2048
cifar10-485,80236.677455,cifar10,12,4096
cifar10-486,80237.677465,cifar10,4,2048
cifar10-487,80557.677518,cifar10,8,2048
cifar10-488,80590.677558,cifar10,8,2048
cifar10-489,80613.677561,cifar10,12,4096
yolov3-490,80639.677572,yolov3,4,64
bert-491,80717.677591,bert,8,384
cifar10-492,81240.677693,cifar10,6,2048
cifar10-493,81421.677735,cifar10,8,4096
imagenet-494,81449.677737,imagenet,12,3200
cifar10-495,81538.677755,cifar10,4,2048
cifar10-496,81562.677757,cifar10,6,2048
cifar10-497,81687.67778,cifar10,6,2048
yolov3-498,82174.677864,yolov3,4,64
cifar10-499,82187.677871,cifar10,8,4096
bert-500,82537.67792,bert,16,384
cifar10-501,82737.677964,cifar10,16,4096
cifar10-502,82888.677983,cifar10,6,2048
cifar10-503,83122.678013,cifar10,12,4096
cifar10-504,84936.678188,cifar10,16,4096
deepspeech2-505,84977.678198,deepspeech2,8,320
deepspeech2-506,84989.678203,deepspeech2,8,320
bert-507,85015.678207,bert,12,384
bert-508,85136.678238,bert,16,384
bert-509,85235.678255,bert,16,384
deepspeech2-510,85425.678281,deepspeech2,8,320
deepspeech2-511,85473.678294,deepspeech2,8,320
bert-512,85501.678309,bert,6,384
cifar10-513,85506.678311,cifar10,8,2048
deepspeech2-514,85634.678363,deepspeech2,6,320
bert-515,85638.678365,bert,16,384
deepspeech2-516,85646.678366,deepspeech2,6,320
bert-517,85651.678368,bert,12,384
bert-518,85656.678373,bert,6,384
bert-519,85925.678496,bert,8,384
cifar10-520,86360.678704,cifar10,6,2048
bert-521,86367.678713,bert,12,384
deepspeech2-522,86584.678854,deepspeech2,12,640
bert-523,86594.678865,bert,8,384
bert-524,86662.678931,bert,12,384
deepspeech2-525,86670.678938,deepspeech2,8,320
deepspeech2-526,86717.67897,deepspeech2,12,640
bert-527,86764.679011,bert,6,384
bert-528,86945.679167,bert,8,384
deepspeech2-529,86950.679174,deepspeech2,12,640
deepspeech2-530,86958.67918,deepspeech2,8,320
cifar10-531,87017.679226,cifar10,12,4096
cifar10-532,87095.679252,cifar10,6,2048
cifar10-533,87114.679261,cifar10,8,4096
cifar10-534,87190.679288,cifar10,8,2048
bert-535,87212.679294,bert,16,384
deepspeech2-536,87212.679295,deepspeech2,12,640
cifar10-537,87278.679322,cifar10,16,4096
cifar10-538,87457.67936,cifar10,8,4096
cifar10-539,87739.679469,cifar10,16,4096
cifar10-540,87757.679475,cifar10,6,2048
cifar10-541,87780.679484,cifar10,16,4096
cifar10-542,87800.67949,cifar10,10,4096
cifar10-543,87802.679493,cifar10,8,4096
cifar10-544,87816.679496,cifar10,8,2048
bert-545,88077.679562,bert,6,384
cifar10-546,88108.679571,cifar10,10,4096
cifar10-547,88123.679575,cifar10,10,4096
cifar10-548,88226.67962,cifar10,8,2048
cifar10-549,88274.679636,cifar10,4,2048
cifar10-550,88344.679668,cifar10,4,2048
cifar10-551,88350.679672,cifar10,8,4096
cifar10-552,88462.679735,cifar10,10,4096
cifar10-553,88571.679764,cifar10,8,4096
cifar10-554,88575.679771,cifar10,10,4096
cifar10-555,88611.679793,cifar10,6,2048
cifar10-556,88675.679811,cifar10,8,2048
cifar10-557,88706.679822,cifar10,12,4096
cifar10-558,88811.679854,cifar10,6,2048
cifar10-559,88883.679876,cifar10,8,4096
cifar10-560,88931.679887,cifar10,12,4096
cifar10-561,89005.679909,cifar10,4,2048
cifar10-562,89051.679931,cifar10,8,4096
bert-563,89131.679959,bert,12,384
cifar10-564,89432.680072,cifar10,12,4096
bert-565,89496.680102,bert,12,384
cifar10-566,89498.680103,cifar10,8,2048
bert-567,89801.680169,bert,16,384
bert-568,90670.680281,bert,12,384
cifar10-569,91216.680375,cifar10,6,2048
deepspeech2-570,91232.68038,deepspeech2,6,320
deepspeech2-571,91243.680382,deepspeech2,6,320
deepspeech2-572,91248.680383,deepspeech2,8,320
deepspeech2-573,91328.680414,deepspeech2,6,320
bert-574,91347.680419,bert,6,384
deepspeech2-575,91424.680433,deepspeech2,12,640
bert-576,91459.680444,bert,6,384
bert-577,92440.680551,bert,12,384
yolov3-578,93027.680656,yolov3,4,64
deepspeech2-579,93066.680677,deepspeech2,8,320
bert-580,93126.680706,bert,8,384
cifar10-581,93217.680737,cifar10,12,4096
cifar10-582,93271.68075,cifar10,16,4096
deepspeech2-583,93376.680779,deepspeech2,8,320
cifar10-584,93467.680818,cifar10,6,2048
cifar10-585,93473.680826,cifar10,8,2048
cifar10-586,93744.680871,cifar10,12,4096
cifar10-587,93835.680901,cifar10,10,4096
deepspeech2-588,94260.680947,deepspeech2,12,640
yolov3-589,95492.681005,yolov3,4,64
cifar10-590,95688.681023,cifar10,4,2048
cifar10-591,95700.681026,cifar10,6,2048
cifar10-592,96369.681106,cifar10,4,2048
cifar10-593,96708.681134,cifar10,12,4096
cifar10-594,96974.681164,cifar10,10,4096
deepspeech2-595,97147.681179,deepspeech2,6,320
cifar10-596,99732.681328,cifar10,6,2048
deepspeech2-597,100320.681369,deepspeech2,6,320
cifar10-598,100549.681415,cifar10,12,4096
bert-599,102329.68153,bert,6,384
cifar10-600,102336.681536,cifar10,16,4096
yolov3-601,102405.681549,yolov3,4,64
cifar10-602,102417.681552,cifar10,4,2048
cifar10-603,102838.681584,cifar10,6,2048
bert-604,103644.681665,bert,12,384
cifar10-605,103693.681672,cifar10,10,4096
cifar10-606,104245.681725,cifar10,12,4096
cifar10-607,104779.681788,cifar10,6,2048
deepspeech2-608,104889.681799,deepspeech2,8,320
cifar10-609,104903.6818,cifar10,10,4096
cifar10-610,104935.681807,cifar10,12,4096
cifar10-611,105505.681932,cifar10,6,2048
cifar10-612,105733.682007,cifar10,12,4096
cifar10-613,105738.682012,cifar10,6,2048
cifar10-614,106180.682064,cifar10,8,2048
cifar10-615,106197.682086,cifar10,16,4096
cifar10-616,106306.682148,cifar10,12,4096
cifar10-617,106338.682176,cifar10,6,2048
cifar10-618,106609.682261,cifar10,10,4096
cifar10-619,106618.682271,cifar10,16,4096
cifar10-620,106784.682348,cifar10,8,2048
cifar10-621,106975.682374,cifar10,6,2048
deepspeech2-622,107103.682388,deepspeech2,6,320
cifar10-623,107118.68239,cifar10,12,4096
cifar10-624,107126.682395,cifar10,4,2048
bert-625,107381.682429,bert,16,384
cifar10-626,107802.682479,cifar10,12,4096
cifar10-627,107957.682508,cifar10,16,4096
cifar10-628,107981.682518,cifar10,10,4096
cifar10-629,108915.682688,cifar10,8,2048
cifar10-630,108948.682693,cifar10,16,4096
cifar10-631,109142.68273,cifar10,12,4096
cifar10-632,109145.682733,cifar10,12,4096
cifar10-633,109164.682751,cifar10,8,4096
cifar10-634,109177.682762,cifar10,16,4096
cifar10-635,109185.68277,cifar10,10,4096
cifar10-636,109192.682777,cifar10,4,2048
cifar10-637,109385.682823,cifar10,16,4096
cifar10-638,109387.682823,cifar10,8,4096
cifar10-639,109393.68283,cifar10,6,2048
cifar10-640,109396.682833,cifar10,12,4096
cifar10-641,109398.682834,cifar10,6,2048
cifar10-642,109437.682868,cifar10,6,2048
cifar10-643,109439.682871,cifar10,6,2048
cifar10-644,109441.682875,cifar10,4,2048
cifar10-645,109546.682912,cifar10,8,2048
cifar10-646,109552.682918,cifar10,8,4096
cifar10-647,109564.682927,cifar10,12,4096
cifar10-648,110067.683063,cifar10,12,4096
deepspeech2-649,110306.683084,deepspeech2,6,320
cifar10-650,110675.683138,cifar10,6,2048
bert-651,111546.683212,bert,8,384
bert-652,111547.683213,bert,12,384
cifar10-653,111861.683292,cifar10,4,2048
bert-654,111887.683297,bert,16,384
cifar10-655,111961.683329,cifar10,4,2048
cifar10-656,112126.683373,cifar10,16,4096
cifar10-657,112421.683446,cifar10,16,4096
cifar10-658,112431.683457,cifar10,12,4096
cifar10-659,112436.683467,cifar10,12,4096
cifar10-660,112465.683497,cifar10,12,4096
cifar10-661,112478.68351,cifar10,16,4096
cifar10-662,112511.683553,cifar10,6,2048
cifar10-663,112515.683557,cifar10,8,4096
cifar10-664,112544.683581,cifar10,8,2048
cifar10-665,112548.683586,cifar10,8,4096
cifar10-666,112555.683593,cifar10,6,2048
cifar10-667,112616.683665,cifar10,10,4096
cifar10-668,112621.68367,cifar10,12,4096
bert-669,112751.683749,bert,16,384
cifar10-670,112949.683767,cifar10,8,4096
bert-671,113701.683877,bert,12,384
deepspeech2-672,113882.683933,deepspeech2,12,640
cifar10-673,114880.68407,cifar10,16,4096
cifar10-674,115077.684095,cifar10,6,2048
cifar10-675,115240.684113,cifar10,16,4096
deepspeech2-676,115351.684125,deepspeech2,12,640
cifar10-677,115706.684154,cifar10,4,2048
cifar10-678,116041.684179,cifar10,12,4096
cifar10-679,116373.684201,cifar10,4,2048
cifar10-680,116395.684227,cifar10,16,4096
cifar10-681,116519.684241,cifar10,6,2048
deepspeech2-682,116526.684243,deepspeech2,12,640
cifar10-683,116579.684253,cifar10,6,2048
deepspeech2-684,116596.684257,deepspeech2,12,640
cifar10-685,116632.684279,cifar10,12,4096
cifar10-686,116639.684285,cifar10,12,4096
cifar10-687,116648.684296,cifar10,12,4096
cifar10-688,116748.684342,cifar10,12,4096
cifar10-689,116764.684358,cifar10,6,2048
cifar10-690,116783.684377,cifar10,12,4096
cifar10-691,116830.684421,cifar10,12,4096
cifar10-692,116852.684442,cifar10,16,4096
cifar10-693,116858.68445,cifar10,6,2048
bert-694,116903.684474,bert,12,384
cifar10-695,117051.684516,cifar10,10,4096
imagenet-696,117385.684591,imagenet,10,1600
deepspeech2-697,117499.684597,deepspeech2,8,320
bert-698,117914.684645,bert,6,384
bert-699,118119.684661,bert,12,384
cifar10-700,118484.684748,cifar10,12,4096
cifar10-701,118486.684751,cifar10,12,4096
cifar10-702,118494.684751,cifar10,4,2048
cifar10-703,118511.684776,cifar10,10,4096
cifar10-704,118515.68478,cifar10,12,4096
cifar10-705,118531.684798,cifar10,6,2048
cifar10-706,118553.684818,cifar10,8,4096
cifar10-707,118557.684823,cifar10,4,2048
cifar10-708,118562.684828,cifar10,6,2048
cifar10-709,118566.684833,cifar10,16,4096
cifar10-710,118582.684848,cifar10,6,2048
cifar10-711,118586.684851,cifar10,16,4096
bert-712,118604.684858,bert,12,384
cifar10-713,118695.684879,cifar10,12,4096
cifar10-714,118747.684933,cifar10,12,4096
bert-715,118748.684934,bert,8,384
cifar10-716,118799.684989,cifar10,12,4096
cifar10-717,118816.685007,cifar10,6,2048
cifar10-718,118826.685016,cifar10,16,4096
cifar10-719,118932.685042,cifar10,10,4096
cifar10-720,119069.685073,cifar10,8,2048
deepspeech2-721,119349.685107,deepspeech2,8,320
cifar10-722,119724.685167,cifar10,6,2048
cifar10-723,119724.685168,cifar10,12,4096
deepspeech2-724,119819.685215,deepspeech2,8,320
deepspeech2-725,119852.685224,deepspeech2,8,320
yolov3-726,119988.685246,yolov3,4,64
deepspeech2-727,120156.685303,deepspeech2,12,640
cifar10-728,120289.685373,cifar10,6,2048
cifar10-729,120292.68538,cifar10,8,2048
bert-730,120389.685401,bert,6,384
bert-731,120573.685458,bert,6,384
bert-732,120865.685513,bert,6,384
deepspeech2-733,121220.685578,deepspeech2,6,320
cifar10-734,121241.685585,cifar10,10,4096
bert-735,121345.685616,bert,6,384
cifar10-736,121381.685624,cifar10,6,2048
deepspeech2-737,121431.685639,deepspeech2,6,320
cifar10-738,121649.685667,cifar10,4,2048
bert-739,121936.685703,bert,16,384
deepspeech2-740,122000.685708,deepspeech2,6,320
cifar10-741,122002.685709,cifar10,12,4096
cifar10-742,122025.685712,cifar10,10,4096
bert-743,122428.685741,bert,16,384
cifar10-744,122550.685773,cifar10,8,4096
cifar10-745,122668.685812,cifar10,12,4096
cifar10-746,122776.685827,cifar10,10,4096
cifar10-747,122813.685834,cifar10,6,2048
cifar10-748,122840.685843,cifar10,6,2048
cifar10-749,122885.68585,cifar10,12,4096
cifar10-750,123460.685914,cifar10,4,2048
deepspeech2-751,123725.685937,deepspeech2,6,320
cifar10-752,124368.686024,cifar10,6,2048
deepspeech2-753,125104.686136,deepspeech2,12,640
bert-754,125461.686199,bert,16,384
deepspeech2-755,125632.686246,deepspeech2,12,640
deepspeech2-756,125778.686298,deepspeech2,6,320
cifar10-757,125950.686341,cifar10,16,4096
bert-758,126059.686371,bert,8,384
cifar10-759,126125.686384,cifar10,8,4096
deepspeech2-760,126133.686387,deepspeech2,6,320
deepspeech2-761,126284.686418,deepspeech2,12,640
deepspeech2-762,126332.686431,deepspeech2,12,640
cifar10-763,126356.686438,cifar10,16,4096
deepspeech2-764,126603.686495,deepspeech2,6,320
deepspeech2-765,126642.686505,deepspeech2,12,640
bert-766,126650.686508,bert,16,384
bert-767,126800.686564,bert,12,384
cifar10-768,126945.686618,cifar10,12,4096
deepspeech2-769,126952.686635,deepspeech2,8,320
deepspeech2-770,126979.686652,deepspeech2,6,320
cifar10-771,127005.686658,cifar10,10,4096
deepspeech2-772,127208.686727,deepspeech2,12,640
deepspeech2-773,127342.686755,deepspeech2,12,640
deepspeech2-774,127557.686814,deepspeech2,6,320
cifar10-775,127689.686836,cifar10,6,2048
deepspeech2-776,127831.686865,deepspeech2,8,320
bert-777,127941.686889,bert,16,384
bert-778,127954.686894,bert,8,384
bert-779,128423.686989,bert,12,384
bert-780,128475.687003,bert,16,384
deepspeech2-781,128738.687057,deepspeech2,8,320
bert-782,129067.687097,bert,6,384
bert-783,129117.687105,bert,6,384
cifar10-784,129129.687109,cifar10,8,4096
deepspeech2-785,129203.687124,deepspeech2,8,320
cifar10-786,129407.687143,cifar10,4,2048
cifar10-787,130430.687225,cifar10,12,4096
bert-788,130856.687302,bert,6,384
cifar10-789,131046.687317,cifar10,8,2048
bert-790,131332.687363,bert,6,384
deepspeech2-791,131409.687376,deepspeech2,6,320
cifar10-792,131541.687412,cifar10,8,2048
cifar10-793,131547.687418,cifar10,6,2048
cifar10-794,131558.687429,cifar10,6,2048
cifar10-795,131568.687447,cifar10,6,2048
cifar10-796,131584.687468,cifar10,8,4096
cifar10-797,131610.687494,cifar10,16,4096
cifar10-798,131624.687509,cifar10,6,2048
bert-799,131744.68753,bert,6,384
bert-800,131853.687544,bert,16,384
deepspeech2-801,132074.687573,deepspeech2,8,320
bert-802,132174.687587,bert,6,384
bert-803,132442.687662,bert,16,384
cifar10-804,132491.68768,cifar10,12,4096
cifar10-805,132492.687682,cifar10,16,4096
cifar10-806,132492.687684,cifar10,8,2048
cifar10-807,132666.687741,cifar10,6,2048
cifar10-808,132668.687747,cifar10,8,4096
deepspeech2-809,132745.687777,deepspeech2,6,320
yolov3-810,132995.687797,yolov3,4,64
cifar10-811,133327.68784,cifar10,8,2048
cifar10-812,133609.687873,cifar10,8,2048
cifar10-813,133611.687875,cifar10,12,4096
cifar10-814,133902.687905,cifar10,8,2048
cifar10-815,134003.687983,cifar10,10,4096
deepspeech2-816,135087.688037,deepspeech2,12,640
cifar10-817,135525.688114,cifar10,6,2048
cifar10-818,135531.68812,cifar10,6,2048
deepspeech2-819,135843.688183,deepspeech2,12,640
deepspeech2-820,135904.688197,deepspeech2,12,640
bert-821,136104.688246,bert,16,384
deepspeech2-822,136265.688273,deepspeech2,6,320
bert-823,136539.688313,bert,8,384
bert-824,136860.68838,bert,8,384
bert-825,136861.688383,bert,12,384
deepspeech2-826,138075.688538,deepspeech2,6,320
bert-827,138290.688575,bert,6,384
deepspeech2-828,138455.688615,deepspeech2,8,320
bert-829,138834.688663,bert,16,384
cifar10-830,138983.688686,cifar10,6,2048
bert-831,139217.688715,bert,6,384
deepspeech2-832,139267.688726,deepspeech2,8,320
deepspeech2-833,140081.688847,deepspeech2,12,640
bert-834,140426.688881,bert,8,384
cifar10-835,140686.688919,cifar10,16,4096
bert-836,141016.68894,bert,16,384
bert-837,141433.689011,bert,12,384
deepspeech2-838,141702.689035,deepspeech2,12,640
bert-839,142028.689089,bert,6,384
bert-840,142522.689164,bert,16,384
deepspeech2-841,142540.689168,deepspeech2,12,640
bert-842,142905.689213,bert,8,384
bert-843,142925.689217,bert,12,384
deepspeech2-844,143038.689236,deepspeech2,8,320
deepspeech2-845,143695.689316,deepspeech2,8,320
bert-846,144689.689424,bert,8,384
bert-847,144973.689468,bert,6,384
deepspeech2-848,144990.689473,deepspeech2,12,640
deepspeech2-849,145021.689478,deepspeech2,6,320
deepspeech2-850,145124.689515,deepspeech2,8,320
bert-851,145137.689529,bert,16,384
bert-852,145186.68958,bert,6,384
cifar10-853,145227.689644,cifar10,8,4096
cifar10-854,145325.68976,cifar10,4,2048
bert-855,145355.689789,bert,16,384
imagenet-856,145373.689806,imagenet,12,3200
bert-857,145434.689859,bert,12,384
deepspeech2-858,145464.689886,deepspeech2,8,320
bert-859,145488.68991,bert,16,384
deepspeech2-860,145609.690024,deepspeech2,8,320
bert-861,145642.690052,bert,16,384
deepspeech2-862,145644.690052,deepspeech2,8,320
deepspeech2-863,145685.69009,deepspeech2,12,640
deepspeech2-864,145699.690101,deepspeech2,12,640
deepspeech2-865,145700.690103,deepspeech2,8,320
bert-866,145709.69011,bert,12,384
deepspeech2-867,146802.690223,deepspeech2,12,640
bert-868,146867.690256,bert,12,384
cifar10-869,146994.690281,cifar10,16,4096
deepspeech2-870,147569.69038,deepspeech2,6,320
deepspeech2-871,147865.690407,deepspeech2,8,320
deepspeech2-872,148023.690433,deepspeech2,8,320
deepspeech2-873,148566.690489,deepspeech2,6,320
bert-874,148569.690491,bert,6,384
yolov3-875,150096.690647,yolov3,4,64
cifar10-876,150107.69065,cifar10,16,4096
deepspeech2-877,150445.690673,deepspeech2,8,320
deepspeech2-878,150447.690674,deepspeech2,8,320
cifar10-879,151279.690765,cifar10,12,4096
deepspeech2-880,151348.690828,deepspeech2,8,320
cifar10-881,151440.690861,cifar10,6,2048
cifar10-882,152225.690908,cifar10,16,4096
cifar10-883,153045.691058,cifar10,6,2048
cifar10-884,153046.69106,cifar10,12,4096
cifar10-885,153092.6911,cifar10,12,4096
cifar10-886,153132.691135,cifar10,8,4096
cifar10-887,153156.691155,cifar10,8,2048
cifar10-888,153165.691163,cifar10,8,2048
cifar10-889,153203.691199,cifar10,12,4096
cifar10-890,153219.691212,cifar10,16,4096
bert-891,153445.691308,bert,12,384
cifar10-892,153567.691313,cifar10,10,4096
bert-893,154938.691352,bert,16,384
deepspeech2-894,154941.69136,deepspeech2,12,640
bert-895,154970.691418,bert,12,384
bert-896,154972.691425,bert,16,384
deepspeech2-897,154987.691442,deepspeech2,6,320
deepspeech2-898,154996.691455,deepspeech2,6,320
yolov3-899,155048.691466,yolov3,4,64
deepspeech2-900,155123.691471,deepspeech2,8,320
bert-901,155157.691482,bert,12,384
cifar10-902,155686.691517,cifar10,12,4096
cifar10-903,155746.691527,cifar10,12,4096
cifar10-904,155768.691548,cifar10,6,2048
cifar10-905,155781.691559,cifar10,16,4096
cifar10-906,155842.691628,cifar10,12,4096
cifar10-907,155857.69164,cifar10,6,2048
cifar10-908,155883.691663,cifar10,6,2048
yolov3-909,156904.691701,yolov3,4,64
cifar10-910,159428.691791,cifar10,4,2048
bert-911,159469.691792,bert,12,384
cifar10-912,159794.692117,cifar10,16,4096
cifar10-913,159801.692137,cifar10,4,2048
cifar10-914,159809.692163,cifar10,12,4096
cifar10-915,159933.692172,cifar10,6,2048
yolov3-916,160174.692187,yolov3,4,64
cifar10-917,160295.692199,cifar10,4,2048
bert-918,160476.692208,bert,12,384
bert-919,160572.692219,bert,16,384
bert-920,161341.692276,bert,8,384
cifar10-921,161507.69229,cifar10,8,2048
bert-922,161912.692315,bert,8,384
bert-923,162208.692342,bert,6,384
cifar10-924,162329.692353,cifar10,8,2048
deepspeech2-925,162956.692406,deepspeech2,8,320
deepspeech2-926,163098.692426,deepspeech2,8,320
deepspeech2-927,163261.692456,deepspeech2,6,320
deepspeech2-928,163492.692472,deepspeech2,8,320
deepspeech2-929,163748.692493,deepspeech2,8,320
deepspeech2-930,163929.692523,deepspeech2,6,320
bert-931,163957.692531,bert,8,384
deepspeech2-932,164065.692573,deepspeech2,12,640
cifar10-933,164177.692622,cifar10,6,2048
bert-934,164186.692626,bert,8,384
bert-935,164275.692657,bert,6,384
deepspeech2-936,164297.692665,deepspeech2,12,640
deepspeech2-937,164715.692723,deepspeech2,6,320
bert-938,164801.692755,bert,16,384
deepspeech2-939,165008.69283,deepspeech2,8,320
bert-940,165220.692861,bert,12,384
bert-941,165242.69287,bert,8,384
deepspeech2-942,165309.692884,deepspeech2,12,640
cifar10-943,165466.69293,cifar10,16,4096
cifar10-944,165513.692946,cifar10,6,2048
cifar10-945,165605.692969,cifar10,8,2048
deepspeech2-946,165655.692979,deepspeech2,8,320
cifar10-947,165704.692988,cifar10,6,2048
cifar10-948,165889.693011,cifar10,6,2048
deepspeech2-949,165943.693014,deepspeech2,12,640
cifar10-950,166057.693026,cifar10,8,2048
yolov3-951,166196.693033,yolov3,4,64
yolov3-952,167533.693091,yolov3,4,64
cifar10-953,167972.693121,cifar10,6,2048
cifar10-954,168467.693148,cifar10,6,2048
cifar10-955,168592.693153,cifar10,8,2048
yolov3-956,169189.693211,yolov3,4,64
cifar10-957,169949.693254,cifar10,8,2048
cifar10-958,170977.693289,cifar10,16,4096
cifar10-959,172732.693361,cifar10,12,4096
